"GEOID","state","total_population","B27010_001M","uninsured","B27010_002M","privately_insured","B27010_003M","publicly_insured","B27010_004M","year","uninsured_rate","private_insurance_rate","public_insurance_rate"
"28","Mississippi",2921189,726,733614,630,646697,2868,247659,3879,2015,25.1135410957661,22.1381430643481,8.47802042250604
"29","Missouri",5932449,696,1396052,748,1236909,3815,706115,5826,2015,23.5324736883537,20.849888469332,11.9025886273949
"30","Montana",999213,430,223495,311,189320,1728,95298,2100,2015,22.3671029099902,18.9469112191295,9.53730585971159
"31","Nebraska",1840934,374,463638,329,411661,1773,246091,2831,2015,25.1849333001618,22.3615295279461,13.3677252959639
"32","Nevada",2763700,616,660728,254,535597,3061,318269,4632,2015,23.9073705539675,19.3797083619785,11.5160473278576
"33","New Hampshire",1309057,216,271222,91,248919,1520,166284,2557,2015,20.7188838988677,19.0151383782372,12.7025790320819
"34","New Jersey",8796604,505,2019073,360,1835379,3554,1191054,7117,2015,22.9528690844785,20.8646313963889,13.5399297274266
"35","New Mexico",2049702,645,505704,377,435694,2247,161650,3615,2015,24.6720742820176,21.2564558165041,7.88651228324898
"36","New York",19427310,863,4243142,747,3798975,6805,2066842,14028,2015,21.8411195373935,19.5548174193957,10.6388480957992
"37","North Carolina",9649606,1800,2280606,573,2028713,5318,915793,8340,2015,23.6341877585468,21.0237910231775,9.4904703881174
"38","North Dakota",706307,473,162639,249,138592,1236,92532,1718,2015,23.0266725375793,19.6220623609847,13.1008187657775
"39","Ohio",11402897,462,2652431,519,2352875,4780,1399490,10083,2015,23.2610274389043,20.634010813217,12.2731091932164
"40","Oklahoma",3768424,655,945958,363,801433,2613,372300,3749,2015,25.1022177971481,21.2670601821876,9.87946154678985
"41","Oregon",3900771,368,859057,275,758351,2707,399679,5138,2015,22.0227488360634,19.4410540890506,10.2461539013698
"42","Pennsylvania",12575088,389,2715362,522,2396320,4951,1436134,8619,2015,21.5931848747301,19.0560893092756,11.4204687871767
"44","Rhode Island",1037930,303,214575,158,190290,1281,114498,2123,2015,20.6733594751091,18.3336063125644,11.0313797654948
"45","South Carolina",4679496,935,1079062,398,949944,3554,446278,4950,2015,23.0593636579666,20.3001348863211,9.53688174965851
"46","South Dakota",825506,312,206488,346,178360,1149,95561,1866,2015,25.0135068673032,21.606142172195,11.5760515368756
"47","Tennessee",6397431,835,1489975,705,1326851,4239,664079,7247,2015,23.2902082101394,20.7403721900244,10.3804011328923
"48","Texas",26062431,2204,7048386,1192,5934012,11799,2833875,16930,2015,27.0442385056099,22.7684516459727,10.8734100821217
"50","Vermont",620457,132,122937,130,110119,936,56086,1395,2015,19.8139435931902,17.7480470040631,9.03946607097672
"49","Utah",2876833,478,894273,325,764062,3306,541118,5304,2015,31.0853289016081,26.5591363836552,18.8095033670707
"51","Virginia",8043013,2019,1861692,831,1641236,4414,972395,6986,2015,23.1466988801336,20.4057360096272,12.0899344561547
"53","Washington",6878854,1336,1595015,337,1407408,4345,747644,6362,2015,23.1872198479572,20.459919631962,10.8687290063141
"54","West Virginia",1822400,196,381298,442,342639,1792,178637,3088,2015,20.9228489903424,18.8015254609306,9.8022936786655
"55","Wisconsin",5668363,314,1307902,406,1165819,2804,736356,5461,2015,23.0737163445602,20.5671196428316,12.9906288641006
"56","Wyoming",570198,319,137221,384,118203,1243,73798,1804,2015,24.0655000543671,20.7301674155293,12.9425217205252
"72","Puerto Rico",3556599,263,803164,123,738781,2545,204902,4240,2015,22.5823602829557,20.7721196570094,5.76117802428669
"01","Alabama",4749786,787,1110011,479,998162,3440,475912,4509,2015,23.3697054983109,21.0148836179146,10.0196514116636
"02","Alaska",709358,703,187667,180,149193,1450,73080,1906,2015,26.4558939209821,21.0321163643745,10.3022733232021
"04","Arizona",6533509,929,1615216,379,1345480,5196,681200,6819,2015,24.7220291576854,20.5935279189177,10.4262502737809
"05","Arkansas",2905193,521,705491,535,629683,2568,256558,4169,2015,24.2837911285068,21.6743947820334,8.83101398082675
"06","California",37912312,2424,9158861,577,8133711,9374,3990198,18558,2015,24.1580123100907,21.4540094521273,10.5248078777153
"08","Colorado",5187214,1103,1239895,492,1085763,4265,599610,5497,2015,23.9029081892515,20.931525092275,11.5593842860541
"10","Delaware",911788,346,203780,112,181174,1401,105248,2189,2015,22.3494935226171,19.8701891229102,11.5430341263539
"11","District of Columbia",636610,235,111064,45,98546,1127,44325,1326,2015,17.4461601294356,15.47980710325,6.96266159815272
"09","Connecticut",3538599,443,783526,210,716689,2392,451579,3824,2015,22.1422659080614,20.2534675446413,12.7615194601027
"12","Florida",19335250,1790,4032325,545,3458237,8290,1537826,12804,2015,20.8547859479448,17.8856596113316,7.95348392185258
"13","Georgia",9812517,1680,2487798,945,2165265,6148,1052674,8279,2015,25.3533114898043,22.066356674847,10.7278693122264
"16","Idaho",1595824,455,428915,296,367692,2646,198325,3630,2015,26.8773373504848,23.0408867143244,12.4277489246935
"15","Hawaii",1352350,1043,307898,89,269857,1831,140354,2862,2015,22.7676267238511,19.9546714977632,10.3785262690871
"17","Illinois",12694224,651,3019658,668,2775301,4464,1519504,9642,2015,23.7876533453325,21.8627070075335,11.9700424381987
"18","Indiana",6468964,476,1582971,721,1386352,4056,828666,6971,2015,24.4702397478174,21.4308195253521,12.8098718743836
"19","Iowa",3049107,281,724402,554,635700,2564,386564,3745,2015,23.7578412302356,20.8487271847134,12.6779414431832
"20","Kansas",2833872,824,722134,408,637382,2483,369340,4068,2015,25.4822377298622,22.491559251794,13.0330515986608
"21","Kentucky",4312238,577,1013732,747,902497,3249,463391,5015,2015,23.5082571973068,20.9287381633388,10.7459514062072
"22","Louisiana",4522122,761,1112860,489,990227,3514,423839,5376,2015,24.6092431827359,21.8973968415713,9.37256889575292
"23","Maine",1314824,296,261742,150,227412,1488,125697,2381,2015,19.9069989595566,17.2960031152458,9.55998673586731
"24","Maryland",5836734,1122,1346655,232,1214287,3117,727691,6432,2015,23.072063931644,20.8042203053968,12.4674346989258
"25","Massachusetts",6627768,466,1394267,288,1278553,2851,830511,6412,2015,21.0367502302434,19.2908532706637,12.5307795927679
"26","Michigan",9789145,378,2245945,575,2011137,3987,1146598,7477,2015,22.943219249485,20.5445623698495,11.7129534806155
"27","Minnesota",5360861,273,1278612,321,1142154,2750,764229,4822,2015,23.8508702240181,21.3054209016052,14.2557137743359
"28","Mississippi",2923887,673,729711,536,649378,2552,247875,4504,2016,24.956881028576,22.2094082295246,8.47758480406391
"29","Missouri",5946094,746,1390631,719,1240093,3260,709838,5861,2016,23.3873026561639,20.8555902412575,11.937887292061
"30","Montana",1007946,330,224120,318,193250,1440,96145,2194,2016,22.2353181618857,19.1726540905961,9.53870544652194
"31","Nebraska",1852809,397,466304,313,415081,1817,247969,2622,2016,25.1674079735148,22.4027948914324,13.3834086514044
"32","Nevada",2804116,679,663717,212,550860,3521,316517,4442,2016,23.6693845761017,19.6446937287901,11.2875858202728
"33","New Hampshire",1310949,243,266541,166,245604,1223,163067,2516,2016,20.3319122254184,18.7348249245394,12.4388515495263
"34","New Jersey",8807899,535,2005654,410,1829314,3626,1169424,6672,2016,22.7710830925741,20.7690165384503,13.2769914823047
"35","New Mexico",2048093,641,500752,507,434025,2758,157652,3989,2016,24.4496709866202,21.1916646363227,7.69750201773064
"36","New York",19453583,933,4217987,628,3794159,6686,2045568,11182,2016,21.6823142554253,19.5036513325077,10.515122072885
"37","North Carolina",9745671,1984,2284247,672,2047439,4197,918863,8341,2016,23.4385810889779,21.0087022227613,9.42842211685578
"38","North Dakota",720312,512,167352,289,142460,1325,94834,1837,2016,23.2332655849132,19.7775408434123,13.1656837592599
"39","Ohio",11413979,601,2636357,533,2351383,4685,1388371,10127,2016,23.0976156518248,20.6009052583678,12.1637774171479
"40","Oklahoma",3794815,670,950318,302,810734,2716,371127,4117,2016,25.0425383055564,21.3642562285645,9.77984434023793
"41","Oregon",3943363,328,860027,261,763774,2585,403778,4684,2016,21.8094808923246,19.3685947755761,10.2394326872773
"42","Pennsylvania",12579598,459,2697105,689,2383836,5671,1414588,8724,2016,21.4403115266481,18.9500173216982,11.2450970213834
"44","Rhode Island",1038432,284,212008,129,188511,1529,111624,2320,2016,20.4161659116822,18.1534274752704,10.7492835351761
"45","South Carolina",4736274,1046,1083006,464,961298,3650,446253,4608,2016,22.8662024198769,20.2965031161626,9.42202668173336
"46","South Dakota",833674,304,208449,365,180869,1431,96511,1743,2016,25.0036585044034,21.6954109160175,11.5765874910337
"47","Tennessee",6445597,932,1492011,563,1331872,3754,660067,6369,2016,23.1477549713393,20.6632837889182,10.2405874894133
"48","Texas",26478868,2063,7121800,879,6053152,10759,2889805,17298,2016,26.8961648964752,22.8603126085299,10.9136274254624
"50","Vermont",620216,110,121353,89,109762,759,55178,1487,2016,19.5662478878326,17.6973828472661,8.89657796638591
"49","Utah",2922538,419,902047,266,781393,3446,550568,5030,2016,30.8651931985144,26.7367952101906,18.8386943129568
"51","Virginia",8096958,2299,1862757,878,1647786,4557,968918,7398,2016,23.005639895872,20.3506798479133,11.9664446820645
"53","Washington",6967768,1295,1603071,369,1423009,3772,753407,7729,2016,23.0069514369594,20.4227379556839,10.8127452004717
"54","West Virginia",1817156,193,378765,439,342852,1587,174614,2850,2016,20.8438350917588,18.8675050463471,9.6091915058476
"55","Wisconsin",5681891,282,1300087,422,1160937,2378,736068,5815,2016,22.8812379540544,20.4322293405488,12.954630773452
"56","Wyoming",573538,297,138362,409,119709,1212,74693,1620,2016,24.1242951644006,20.8720259163299,13.0231998577252
"72","Puerto Rico",3502814,243,766742,98,709654,2066,192783,3952,2016,21.8893152762322,20.2595399013479,5.50366077102581
"01","Alabama",4761291,732,1103328,468,997904,3513,472206,5674,2016,23.1728747518268,20.9586853649567,9.91760428001565
"02","Alaska",712964,791,187160,157,148873,1766,73229,2113,2016,26.2509748037769,20.8808579395313,10.2710655797488
"04","Arizona",6620233,859,1617449,248,1366506,4446,687863,7459,2016,24.4319044359919,20.6413580911729,10.3903140569222
"05","Arkansas",2915402,431,704893,518,633701,2418,257570,3610,2016,24.1782436864625,21.7363162953171,8.83480219880483
"06","California",38151997,2141,9124984,668,8182056,8903,3984618,19865,2016,23.9174478861487,21.4459442319625,10.4440614209526
"08","Colorado",5267878,1106,1244121,397,1102259,3344,599510,5962,2016,23.6171186956114,20.9241557985967,11.3804837545592
"10","Delaware",920268,365,203785,92,181990,1518,104872,2164,2016,22.1440928077473,19.7757609739771,11.3958107855538
"11","District of Columbia",648263,241,114429,112,103523,825,45861,1254,2016,17.6516321307864,15.9692902417692,7.07444355145982
"09","Connecticut",3535139,480,772622,240,707284,2555,437015,4167,2016,21.8554913965193,20.0072472397832,12.3620315919685
"12","Florida",19621207,1970,4057377,600,3518569,6083,1541362,12134,2016,20.6785291037396,17.9324798928017,7.85559216617
"13","Georgia",9907239,1396,2491487,930,2179632,5667,1049347,8042,2016,25.1481467238249,22.0003978908756,10.591719852524
"16","Idaho",1614714,444,430564,347,373022,2239,196254,3642,2016,26.6650317022086,23.1014284882648,12.1541028318328
"15","Hawaii",1362574,961,307928,78,271889,1602,140331,2187,2016,22.5989927886485,19.9540722191969,10.2989635792258
"17","Illinois",12671738,632,2986832,660,2754501,4269,1515246,9503,2016,23.5708156213457,21.7373575747857,11.9576809432139
"18","Indiana",6490256,393,1578190,742,1387488,3983,827421,7174,2016,24.3162981552654,21.3780165219985,12.748665075769
"19","Iowa",3062954,311,725346,616,640881,2731,387282,3416,2016,23.6812567214526,20.9236247100022,12.6440684385074
"20","Kansas",2839352,689,719881,479,636175,2672,366458,3977,2016,25.3537074656471,22.4056404419036,12.906395543772
"21","Kentucky",4327357,659,1011764,658,905987,2782,460943,5445,2016,23.3806455071768,20.9362666403535,10.6518366753656
"22","Louisiana",4542312,798,1112325,558,996550,3226,424658,5113,2016,24.4880800790434,21.9392679322777,9.34893948280083
"23","Maine",1315603,288,259038,238,225800,1528,127050,2146,2016,19.6896784212259,17.1632323732919,9.65716861393597
"24","Maryland",5864892,943,1346280,216,1218683,3308,724121,5833,2016,22.9548984022212,20.779291417472,12.3467064696161
"25","Massachusetts",6665525,586,1387121,372,1275275,2833,821922,5878,2016,20.8103787773656,19.1324014237438,12.3309416737616
"26","Michigan",9798384,402,2224049,396,2000767,4306,1140693,7559,2016,22.6981204247558,20.4193569062,11.6416441731616
"27","Minnesota",5392571,304,1279886,353,1147867,2951,761133,4972,2016,23.7342447600597,21.2860804243468,14.1144734116621
"28","Mississippi",2921628,656,768333,1441,686007,2474,267094,4414,2017,26.2981118746124,23.480299339957,9.14195783994403
"29","Missouri",5961514,642,1464928,1805,1307556,3939,759746,6159,2017,24.5730866353748,21.9332874165858,12.744178743856
"30","Montana",1014596,311,238936,721,208110,1500,104382,2005,2017,23.5498661536217,20.5116125038932,10.2880358290393
"31","Nebraska",1865028,461,494959,896,439967,1867,267360,3299,2017,26.5389581282426,23.5903696888197,14.3354416126728
"32","Nevada",2852693,555,703704,930,595276,3100,343085,4329,2017,24.6680592689084,20.8671595576531,12.0267059932492
"33","New Hampshire",1314875,255,283202,671,261955,1390,175692,2332,2017,21.5383211331876,19.9224260861299,13.3618785055614
"34","New Jersey",8854377,514,2111082,1681,1929653,5154,1233319,6693,2017,23.8422420911149,21.7932102958797,13.9289189967854
"35","New Mexico",2050101,554,526001,1110,459026,2528,167662,3702,2017,25.6573212734397,22.3904090578952,8.17823121885214
"01","Alabama",4770692,802,1170330,1492,1060746,3519,505920,6016,2017,24.53166123489,22.2346359815306,10.6047508411778
"02","Alaska",714038,670,195335,519,156752,1468,76414,2090,2017,27.3563871950793,21.9528932633837,10.7016713396206
"04","Arizona",6701990,926,1717624,2033,1462142,6032,749068,7375,2017,25.6285670375515,21.8165350888318,11.1767997266484
"05","Arkansas",2924569,443,744956,1379,666759,2783,274518,4449,2017,25.4723345559636,22.7985388616237,9.38661389079895
"06","California",38488069,2222,9637773,4049,8691191,9663,4248385,21231,2017,25.0409367121016,22.5815200029911,11.0381869248883
"36","New York",19556260,882,4458103,2897,4011221,7001,2148972,12376,2017,22.7962964288673,20.5111866992973,10.9886655219352
"37","North Carolina",9845238,1883,2426124,2077,2181095,5156,995778,8734,2017,24.642614023145,22.1538067439304,10.1143111014685
"38","North Dakota",729279,458,180510,610,153153,1462,102310,1785,2017,24.7518439444986,21.0006047068406,14.0289244582663
"39","Ohio",11436638,613,2781570,2201,2486753,5685,1478945,11370,2017,24.3215707273414,21.7437414736743,12.9316412742976
"40","Oklahoma",3816369,773,1007990,1106,859570,3270,397177,4284,2017,26.4122782676413,22.5232413322716,10.4071959498675
"41","Oregon",3985781,364,913072,1132,814050,3277,431999,5111,2017,22.9082330414039,20.4238516867836,10.8385031691405
"42","Pennsylvania",12586845,441,2863925,2062,2529507,5128,1511829,9494,2017,22.7533190406333,20.0964340150371,12.0111831042648
"44","Rhode Island",1040523,243,227297,632,202466,1314,117657,2414,2017,21.8444955085087,19.4580994365334,11.307486715815
"45","South Carolina",4795304,997,1152936,1535,1029194,3478,486606,5634,2017,24.0430220899447,21.4625391841685,10.1475526890475
"46","South Dakota",838027,300,220991,603,191990,1338,104618,1990,2017,26.3703914074368,22.9097630505938,12.4838459858692
"47","Tennessee",6494451,952,1579884,1428,1410438,4213,704184,7717,2017,24.3266751877872,21.7175862902037,10.842856463156
"48","Texas",26943687,1773,7601534,3985,6458987,10242,3155221,19735,2017,28.2126718589033,23.9721720342134,11.7104277525195
"50","Vermont",618703,102,129422,467,117196,896,59086,1394,2017,20.9182758124658,18.9422065191215,9.5499779377181
"49","Utah",2967868,384,958102,1077,835301,3687,589905,5557,2017,32.2825004346554,28.144816413668,19.8763893811989
"51","Virginia",8153221,2044,1980712,1950,1750648,4681,1032825,7548,2017,24.2936135301619,21.4718575640229,12.6676929277398
"53","Washington",7063032,1275,1704307,1602,1520620,5005,811442,7961,2017,24.1299628827959,21.5292809093885,11.4885788426274
"54","West Virginia",1807983,234,398314,947,360140,1710,181630,3079,2017,22.0308487413875,19.9194350831839,10.0460015387313
"55","Wisconsin",5691138,281,1375107,1276,1227695,3284,789515,5420,2017,24.1622501510243,21.5720476291385,13.8727087622897
"56","Wyoming",573470,313,145483,678,125938,1361,81957,1699,2017,25.3688946239559,21.9606954156277,14.2914189059585
"72","Puerto Rico",3442193,298,780493,1138,726041,2523,197270,3579,2017,22.6742951368503,21.0923966204103,5.73093954929314
"10","Delaware",929139,343,217408,620,193420,1746,114548,2360,2017,23.3988671232184,20.817122088299,12.3284029623124
"11","District of Columbia",661858,300,127858,679,116137,1411,51659,1562,2017,19.318041029949,17.5471173574996,7.805148536393
"09","Connecticut",3541763,553,815413,1127,745766,2965,458033,4921,2017,23.0227996622021,21.0563496202315,12.9323447108121
"12","Florida",19967931,1615,4350247,2545,3787288,7606,1665682,13553,2017,21.7861680311295,18.9668523994799,8.34178563617833
"13","Georgia",10012994,1714,2644548,2509,2309550,6351,1136434,10776,2017,26.4111613369588,23.0655286520695,11.3495923397138
"16","Idaho",1636345,467,458668,952,401237,2229,211764,3908,2017,28.0300303420122,24.5203181480678,12.9412807201415
"15","Hawaii",1369366,1086,322229,594,283166,1702,149714,2591,2017,23.5312546097975,20.6786206171323,10.9330887432578
"17","Illinois",12674162,600,3129566,2118,2886107,5203,1613470,9188,2017,24.6924885448048,22.7715804800349,12.73038801303
"18","Indiana",6515358,398,1671214,1755,1471153,4255,883217,8320,2017,25.6503786898586,22.5797722857286,13.5559243252635
"19","Iowa",3074216,290,772285,1240,685925,2631,417682,4680,2017,25.1213642762903,22.3121927671966,13.5866185069624
"20","Kansas",2843739,733,757801,1105,668999,3087,390852,4992,2017,26.64805033092,23.5253305595204,13.7442993186084
"21","Kentucky",4340343,628,1070560,1441,959124,3036,489614,5838,2017,24.6653317491267,22.0978848906642,11.2805370451137
"22","Louisiana",4559572,724,1171609,1645,1053637,3553,457995,5895,2017,25.6955916037733,23.1082434930296,10.0446927913409
"23","Maine",1315654,297,273919,689,239387,1700,139053,2787,2017,20.819987625926,18.1952853865834,10.5691161962036
"24","Maryland",5901303,1133,1423524,1348,1287149,4176,767733,6141,2017,24.1221980976066,21.8112677827253,13.0095506026381
"25","Massachusetts",6713702,513,1486528,1450,1363752,3500,871231,6549,2017,22.1417036383206,20.3129659314637,12.9769090138347
"26","Michigan",9814714,382,2346330,1819,2113662,4551,1225034,8218,2017,23.9062493313611,21.5356453585912,12.481606697862
"27","Minnesota",5432792,305,1360411,1149,1223566,2651,808104,5302,2017,25.0407341197675,22.5218635279981,14.874561735476
"08","Colorado",5344703,1139,1321888,1515,1177962,3959,638498,5903,2017,24.7326745751822,22.0398027729511,11.9463700789361
"28","Mississippi",2922647,753,763739,1547,685919,3434,269631,4150,2018,26.1317565891468,23.46910181079,9.22557530895794
"29","Missouri",5976738,701,1459999,1630,1304942,4247,760911,5685,2018,24.428024116165,21.8336825204652,12.7312088968933
"30","Montana",1026586,313,240210,782,211077,1745,105078,2598,2018,23.3989164083671,20.5610635640852,10.2356743614271
"31","Nebraska",1875468,414,497476,818,442595,2164,270719,3224,2018,26.52543258536,23.5991763122591,14.4347437546255
"32","Nevada",2887475,594,706968,980,610566,3372,343916,4897,2018,24.4839522420108,21.1453259335579,11.9106139447095
"33","New Hampshire",1326243,276,282167,727,261517,1278,174904,2124,2018,21.2756636604303,19.7186337647022,13.187930115371
"34","New Jersey",8776839,625,2081741,1671,1907902,4635,1211713,7634,2018,23.7185733952736,21.7379172615562,13.8058018382244
"35","New Mexico",2057526,691,522555,1121,459504,3257,166751,3622,2018,25.3972489290536,22.3328405084553,8.1044419365782
"36","New York",19378618,874,4388587,2464,3953286,6917,2100063,12227,2018,22.6465426997942,20.4002473241384,10.8370111841825
"37","North Carolina",9952031,1743,2431983,2358,2192008,5049,1008291,8982,2018,24.4370520951954,22.0257352494179,10.1315098395493
"38","North Dakota",736241,426,183801,607,157261,1505,106019,1860,2018,24.964787345448,21.359989459973,14.4000402042266
"39","Ohio",11468700,587,2772744,2411,2482001,6020,1465749,11321,2018,24.1766198435742,21.6415199630298,12.7804284705328
"40","Oklahoma",3837568,808,1010832,1085,863406,2948,404579,3943,2018,26.3404322737734,22.4987804776358,10.5425884310063
"41","Oregon",4042073,372,917260,1162,819166,2745,431610,5700,2018,22.692811337153,20.2659872792995,10.6779367913444
"42","Pennsylvania",12587979,432,2847705,2175,2515460,5264,1490017,9572,2018,22.6224161956419,19.9830330190414,11.836824640397
"44","Rhode Island",1040879,291,224995,788,202166,1487,117518,2199,2018,21.6158650525181,19.422622610313,11.2902652469691
"45","South Carolina",4858485,1014,1159141,1590,1038098,4390,488302,5921,2018,23.8580750995423,21.3667017599108,10.0504992811545
"46","South Dakota",846821,341,223144,690,194862,1542,107697,2183,2018,26.3507872383892,23.0110023251667,12.717799865615
"47","Tennessee",6547663,980,1583544,1604,1413873,4053,709338,7208,2018,24.1848732899051,21.5935517756488,10.8334530961658
"48","Texas",27417645,2145,7688142,4204,6560303,11315,3229964,19278,2018,28.0408547123577,23.927303019643,11.7806033304465
"50","Vermont",618896,136,127897,479,116664,832,59335,1465,2018,20.6653460355213,18.8503399601872,9.58723274992891
"49","Utah",3019579,505,966135,1186,847958,3888,600193,4886,2018,31.9956854912556,28.0819942117759,19.8767112898851
"51","Virginia",8197642,2117,1982166,2031,1755631,5036,1039388,7953,2018,24.1797092383395,21.4162926363459,12.6791094317122
"53","Washington",7187395,1428,1722595,1570,1550616,4410,828700,7247,2018,23.9668892554256,21.5741029955916,11.5299075673453
"54","West Virginia",1800270,221,394812,972,357526,1750,179185,3188,2018,21.930710393441,19.8595766190627,9.95322923783655
"55","Wisconsin",5706206,338,1369121,1201,1225388,3243,793631,5274,2018,23.9935431703657,21.4746540871465,13.9082080107168
"56","Wyoming",571923,367,145003,618,125065,1307,82460,1905,2018,25.353587808149,21.8674541852662,14.4180248040383
"72","Puerto Rico",3361571,294,735633,1353,685827,2625,184404,4082,2018,21.8836073966607,20.4019787176888,5.48564941808458
"01","Alabama",4785040,733,1165772,1520,1061121,3300,510146,5659,2018,24.3628475415044,22.1758020831592,10.6612692892849
"02","Alaska",714106,726,194691,374,156850,1378,75722,1884,2018,27.2635995216396,21.9645262748107,10.6037479029724
"04","Arizona",6838270,799,1731470,1724,1484866,5304,761132,8000,2018,25.3202929980828,21.7140592576777,11.1304759829606
"05","Arkansas",2937135,410,745224,1174,669636,3243,276607,4186,2018,25.3724803252149,22.7989520399982,9.41757869488464
"06","California",38653948,1897,9591494,3869,8718417,8632,4269572,18499,2018,24.8137499434728,22.5550492280892,11.0456298021615
"08","Colorado",5439267,1264,1331380,1423,1195391,3156,649802,5548,2018,24.4771951808948,21.9770605120138,11.9464994088358
"10","Delaware",934743,400,216275,559,192157,1732,111939,2425,2018,23.1373757278739,20.5572012842033,11.9753771892381
"11","District of Columbia",674258,271,131718,640,120860,1018,53059,1551,2018,19.5352520845136,17.9248892857037,7.86924293074758
"09","Connecticut",3530088,480,805157,1240,738445,2694,450683,4431,2018,22.8084115750089,20.9186003295102,12.7669055275676
"12","Florida",20288268,1724,4391005,2683,3850326,8806,1685243,14359,2018,21.6430747070179,18.9780911805779,8.30649023366608
"13","Georgia",10109427,1677,2648801,2587,2322441,6300,1146712,10946,2018,26.2012970665894,22.9730231001223,11.3429969868718
"16","Idaho",1666375,469,463582,977,407629,2802,213754,4077,2018,27.819788462981,24.4620208536494,12.8274848098417
"15","Hawaii",1370508,893,321404,609,282386,1744,149468,2698,2018,23.4514501192259,20.6044765882432,10.9060290053031
"17","Illinois",12643207,694,3096043,2637,2860817,4584,1620406,10077,2018,24.4877980721189,22.6273049235056,12.8164159615515
"18","Indiana",6538540,467,1666970,1838,1469833,4368,882259,7201,2018,25.4945293597653,22.4795290691806,13.4932110226442
"19","Iowa",3088842,257,773404,1203,688190,2888,416566,3990,2018,25.0386390757442,22.2798705793304,13.4861543581705
"20","Kansas",2849329,726,755149,1135,667546,2827,393751,4225,2018,26.5026958978763,23.4281825650881,13.8190781057575
"21","Kentucky",4357195,636,1069984,1697,963623,3180,486493,6227,2018,24.5567159606123,22.1156730419456,11.1652794974749
"22","Louisiana",4559274,768,1165853,1413,1053952,3902,450740,6244,2018,25.5710229304051,23.1166628722029,9.88622311359221
"23","Maine",1317634,283,271425,567,238880,1607,140593,2503,2018,20.5994229049949,18.1294653902373,10.6701102126994
"24","Maryland",5907173,1089,1420314,1625,1288468,3568,764503,5903,2018,24.0438869828258,21.8119225558486,12.9419436336129
"25","Massachusetts",6756015,478,1482292,1967,1358120,3492,860503,6928,2018,21.9403302094504,20.1023828395881,12.7368426505862
"26","Michigan",9847464,346,2331551,1846,2103302,4747,1223107,8127,2018,23.6766643675976,21.3588188796628,12.4205277622746
"27","Minnesota",5469389,357,1365520,1537,1230564,3192,805360,4889,2018,24.9665913322311,22.499112789381,14.7248623200873
"01","Alabama",4797215,823,1162995,1635,1060267,2892,508556,6206,2019,24.2431285652196,22.1017194351306,10.6010674943691
"02","Alaska",712356,746,192663,450,154041,1654,73461,2122,2019,27.0458871687752,21.6241598301973,10.3123999797854
"04","Arizona",6941028,898,1734235,1839,1488559,5633,772343,7892,2019,24.9852759562416,21.4458002474561,11.1272134329382
"05","Arkansas",2945234,492,743199,1235,665263,3170,274829,4741,2019,25.2339542460803,22.587780801118,9.33131289398398
"06","California",38787337,2350,9538507,3362,8688111,11310,4275713,22289,2019,24.5918068569647,22.3993490452825,11.023476553701
"08","Colorado",5516337,1278,1332894,1630,1198157,3650,659144,5206,2019,24.1626644637556,21.7201559658157,11.9489436559079
"10","Delaware",942219,425,216127,605,191912,1518,110417,2470,2019,22.9380855193962,20.3680885229442,11.7188254535304
"11","District of Columbia",682728,287,133969,741,123202,1382,54771,1391,2019,19.6226022662026,18.0455466891646,8.02237494287623
"09","Connecticut",3524580,494,795327,1334,728973,2659,442773,4924,2019,22.5651566995216,20.6825494101425,12.5624329707369
"12","Florida",20588432,1914,4424249,2959,3891748,7965,1723590,15639,2019,21.4890041164864,18.9025953992028,8.37164287207496
"13","Georgia",10213659,1468,2655417,3247,2325507,7256,1158656,11151,2019,25.9986847025145,22.7685984033734,11.3441813555749
"16","Idaho",1696068,517,465898,1128,413382,2495,216429,3899,2019,27.4692995799697,24.3729614614508,12.7606322388017
"15","Hawaii",1369339,1021,319757,657,279337,1933,148475,2786,2019,23.3511935320618,20.3994043841591,10.8428227049693
"17","Illinois",12591483,632,3058314,2193,2825165,5337,1625766,9702,2019,24.288751372654,22.437110862954,12.9116324105747
"18","Indiana",6566575,451,1665623,1662,1467244,4408,886659,7117,2019,25.3651713412243,22.3441291693158,13.5026098080049
"19","Iowa",3096125,275,771431,1054,687349,2787,416604,4220,2019,24.9160159877266,22.2002987605475,13.4556582825306
"20","Kansas",2851091,783,751193,1193,661998,3513,397471,4692,2019,26.3475630907607,23.2191115611533,13.9410141591412
"21","Kentucky",4366510,563,1067566,1555,962989,3109,486951,6199,2019,24.4489535120726,22.0539744555721,11.1519497264406
"22","Louisiana",4558894,964,1161140,1732,1052809,3554,448010,6286,2019,25.4697740285253,23.0935178576207,9.82716422009373
"23","Maine",1319854,321,269087,655,237089,1306,141848,2616,2019,20.3876337837367,17.9632747258409,10.7472493169699
"24","Maryland",5920779,1043,1418318,1555,1285427,3714,762378,6669,2019,23.9549221479133,21.7104370894438,12.8763123906499
"25","Massachusetts",6777468,414,1472007,2247,1347463,3717,850434,7700,2019,21.7191287365724,19.8815103221439,12.5479603887469
"26","Michigan",9855966,458,2313156,1717,2086300,4300,1221745,9135,2019,23.4696020664032,21.1678895807879,12.3959944667017
"27","Minnesota",5505454,319,1370466,1149,1235617,3396,807683,5883,2019,24.8928789523988,22.4435078378641,14.6705975565321
"28","Mississippi",2916886,671,755819,1577,679354,3114,267257,4894,2019,25.9118457149165,23.2903857058521,9.16240812976578
"29","Missouri",5990637,812,1456547,1708,1303310,4107,760697,6574,2019,24.3137249010414,21.7557832330685,12.6980987163802
"30","Montana",1035643,303,240890,842,210839,1533,103270,2156,2019,23.2599457535077,20.3582701761128,9.97158287170386
"31","Nebraska",1884850,502,499315,800,442954,2112,275031,3160,2019,26.4909674509908,23.5007560283312,14.5916651192403
"32","Nevada",2936475,604,713525,967,620881,2672,348928,4423,2019,24.2986914582961,21.1437522880324,11.8825462501809
"33","New Hampshire",1331286,334,279158,807,258719,1289,172615,2755,2019,20.9690479731628,19.4337655469974,12.9660343457379
"34","New Jersey",8773993,705,2068547,1550,1897052,4427,1198757,8286,2019,23.5758907033548,21.621307425251,13.6626163253151
"35","New Mexico",2057086,750,516764,994,454280,2190,166370,3353,2019,25.1211665433531,22.0836659235443,8.0876540893283
"36","New York",19333899,1003,4351187,2437,3922965,6012,2074091,13298,2019,22.5054811758352,20.2906046007585,10.7277430175879
"37","North Carolina",10060249,2163,2439261,2556,2193688,4315,1019448,8329,2019,24.2465270988819,21.8055040188369,10.133427114975
"38","North Dakota",740206,476,185922,700,158861,1670,108637,2264,2019,25.1176023971705,21.4617282216032,14.6765900303429
"39","Ohio",11482519,637,2760801,1918,2469763,5618,1461371,11025,2019,24.0435134485734,21.5088953913336,12.726919938038
"40","Oklahoma",3851223,746,1008672,1127,860961,3094,402017,4074,2019,26.1909528479654,22.3555218692867,10.4386840232311
"41","Oregon",4089521,573,917678,1494,823656,2912,441286,5938,2019,22.4397429429999,20.14064727874,10.7906524994003
"42","Pennsylvania",12587348,540,2834376,2353,2503506,5489,1477734,9298,2019,22.5176582072729,19.8890663863429,11.7398359050691
"44","Rhode Island",1041575,334,223414,771,200317,1774,118354,2384,2019,21.4496315675779,19.2321244269496,11.3629839425869
"45","South Carolina",4923262,1243,1165920,1602,1040546,3698,497906,6466,2019,23.6818597100865,21.1352960699634,10.1133354267963
"46","South Dakota",853256,305,224372,836,195128,1368,108660,2035,2019,26.2959768228996,22.8686349700442,12.7347478365227
"47","Tennessee",6602261,905,1587285,1894,1414653,4404,716954,7981,2019,24.0415366796314,21.4267960627427,10.8592192886649
"48","Texas",27792957,2249,7740330,4244,6584733,11974,3275134,20866,2019,27.8499693285605,23.6920922088283,11.7840429861421
"50","Vermont",618266,141,126326,464,115374,860,58880,1725,2019,20.4323058359994,18.6609000009705,9.52340901812488
"49","Utah",3070877,422,972700,1288,855119,3523,607457,6407,2019,31.6749905645846,27.8460843596145,19.7812221069095
"51","Virginia",8234323,2135,1981506,2328,1755558,4067,1042646,7797,2019,24.0639819448423,21.3200040853389,12.6621945726443
"53","Washington",7293096,1288,1733993,1534,1564676,4100,840469,7308,2019,23.7758148254185,21.4542081990968,11.5241729986826
"54","West Virginia",1788475,257,390930,1129,353596,1832,176249,3186,2019,21.8582870881617,19.7708103272341,9.85470862047275
"55","Wisconsin",5718951,396,1360864,1458,1219125,3168,798652,5977,2019,23.7956926016677,21.3172835367885,13.9650086178392
"56","Wyoming",571021,321,143325,657,122989,1480,81005,2116,2019,25.0997774162421,21.5384372903974,14.1859931596211
"72","Puerto Rico",3293526,365,695324,1121,647127,2401,173286,3659,2019,21.1118418375929,19.6484557887201,5.26141284447124
